ORIGIN,CLUSTER,atraso_medio_chegada,atraso_medio_partida,n_voos,distancia_media
EWR,2,9.107054735458092,15.10795435218885,120835,1056.742789754624
JFK,0,5.551481036679838,12.112159099217665,111279,1266.249076645189
LGA,1,5.783488234130908,10.3468756464944,104662,779.8356710171792
