hour,arr_delay
1,
5,-4.796907216494845
6,-3.384485401029591
7,-5.304471635150167
8,-1.1132266028278597
9,-1.4514073553760474
10,0.9539401343921808
11,1.4819300146599528
12,3.489010369702435
13,6.544739682376522
14,9.197650080867662
15,12.324192011090894
16,12.597641188478113
17,16.040267038492416
18,14.78872437357631
19,16.655873604135174
20,16.67610983126829
21,18.386937065600303
22,15.967161845191557
23,11.755278310940499
