origin,arr_delay
EWR,9.107054735458092
LGA,5.783488234130908
JFK,5.551481036679838
