carrier,arr_delay
F9,21.920704845814978
FL,20.115905511811025
EV,15.79643108710965
YV,15.556985294117647
OO,11.931034482758621
MQ,10.774733394576028
WN,9.649119893723016
B6,9.457973320505467
9E,7.379669249450677
UA,3.5580111453393792
US,2.1295950784125863
VX,1.7644644253322908
DL,1.6443409291199798
AA,0.3642908567314615
HA,-6.915204678362573
AS,-9.930888575458392
