Modelo,MAE,RMSE,R2
Ridge,10.95811281148085,16.725497009932887,0.8418314053297256
Random Forest,12.66185399788477,18.630438393171957,0.8037505985938552
