DIA_SEMANA,ARR_DELAY
0,9.653739275065414
1,5.388525958035696
2,7.0511186050337225
3,11.740819486015068
4,9.070120129401825
5,-1.4488278562734827
6,4.820023733134092
